INSERT INTO aol.de_para_os_dasa
(idDeParaOsDasa, idOrdemServico, idOsDasa, idRequisicaoDasa, idAmostraDasa, idExameDasa, idExameSolicitado, dtImportacao, dtExportacao, idPfora, destinoTubo, container, idItemExame, nroamostra)
VALUES(344296559, 247783655, '542315098006', NULL, '045617205615', 24344, 621282268, '2021-12-06 14:39:29', '2021-12-06 06:25:22', 0, 'Jurua B', '', 607880382, 0);


INSERT INTO labor.marca
(idmarca, nomeMarca)
VALUES(1, 'Alvaro');
INSERT INTO labor.marca
(idmarca, nomeMarca)
VALUES(2, 'Sergio Franco');
INSERT INTO labor.marca
(idmarca, nomeMarca)
VALUES(3, 'Atalaia');
INSERT INTO labor.marca
(idmarca, nomeMarca)
VALUES(4, 'Beep');
INSERT INTO labor.marca
(idmarca, nomeMarca)
VALUES(5, 'Teste');
INSERT INTO labor.marca
(idmarca, nomeMarca)
VALUES(6, 'ALPHAVIEW');
INSERT INTO labor.marca
(idmarca, nomeMarca)
VALUES(7, 'Alba');
INSERT INTO labor.marca
(idmarca, nomeMarca)
VALUES(8, 'Consultare');
INSERT INTO labor.marca
(idmarca, nomeMarca)
VALUES(9, 'Sim');
INSERT INTO labor.marca
(idmarca, nomeMarca)
VALUES(10, 'Policenter');
INSERT INTO labor.marca
(idmarca, nomeMarca)
VALUES(11, 'Covaxx');
INSERT INTO labor.marca
(idmarca, nomeMarca)
VALUES(12, 'LIFECONCIERGE');
INSERT INTO labor.marca
(idmarca, nomeMarca)
VALUES(13, 'Amparo');
INSERT INTO labor.marca
(idmarca, nomeMarca)
VALUES(14, 'Femme');
INSERT INTO labor.marca
(idmarca, nomeMarca)
VALUES(15, 'Policlinica botafogo');
INSERT INTO labor.marca
(idmarca, nomeMarca)
VALUES(16, 'FLOW');
INSERT INTO labor.marca
(idmarca, nomeMarca)
VALUES(17, 'ECOLOGIA');
INSERT INTO labor.marca
(idmarca, nomeMarca)
VALUES(18, 'IACS');
INSERT INTO labor.marca
(idmarca, nomeMarca)
VALUES(19, 'RIANO');
INSERT INTO labor.marca
(idmarca, nomeMarca)
VALUES(20, 'CITOMAXX');
INSERT INTO labor.marca
(idmarca, nomeMarca)
VALUES(21, 'QUALYMED');
INSERT INTO labor.marca
(idmarca, nomeMarca)
VALUES(22, 'PIERRO');
INSERT INTO labor.marca
(idmarca, nomeMarca)
VALUES(23, 'CACA');
INSERT INTO labor.marca
(idmarca, nomeMarca)
VALUES(24, 'ONCOHEALTH');
INSERT INTO labor.marca
(idmarca, nomeMarca)
VALUES(25, 'LABVIDA');
INSERT INTO labor.marca
(idmarca, nomeMarca)
VALUES(26, 'MEDICOS');
INSERT INTO labor.marca
(idmarca, nomeMarca)
VALUES(27, 'BIODIAGNOSTICO');



INSERT INTO labor.marca_entidade (idEntidade,idMarca) VALUES
	 (970,1),
	 (1495,1),
	 (1789,1),
	 (2626,3),
	 (2952,2),
	 (5759,1),
	 (6241,3),
	 (6878,1),
	 (7090,3),
	 (7323,2);
INSERT INTO labor.marca_entidade (idEntidade,idMarca) VALUES
	 (7513,1),
	 (8027,2),
	 (8529,1),
	 (8660,2),
	 (8776,1),
	 (8996,3),
	 (9035,1),
	 (9461,1),
	 (9805,3),
	 (11061,2);
INSERT INTO labor.marca_entidade (idEntidade,idMarca) VALUES
	 (11250,3),
	 (11639,2),
	 (12038,1),
	 (12462,3),
	 (12541,3),
	 (12942,15),
	 (13237,1),
	 (13339,2),
	 (13649,3),
	 (14142,3);
INSERT INTO labor.marca_entidade (idEntidade,idMarca) VALUES
	 (14171,1),
	 (14256,1),
	 (14968,16),
	 (15937,1),
	 (16375,2),
	 (17227,1),
	 (17879,1),
	 (18611,2),
	 (19317,2),
	 (19370,1);
INSERT INTO labor.marca_entidade (idEntidade,idMarca) VALUES
	 (20130,14),
	 (21411,10),
	 (666680,12),
	 (236078397,2),
	 (236078399,2),
	 (236078400,2),
	 (236078404,2),
	 (236078406,2),
	 (236078410,2),
	 (236078412,2);
INSERT INTO labor.marca_entidade (idEntidade,idMarca) VALUES
	 (236078418,2);



INSERT INTO labor.entidades
(entsid, entNome, ENTENDER, ENTBAIRRO, entCidade, ENTCEP, ENTEMAIL, ENTCGC, ENTINSCR, ENTMEDRESP, ENTFINANCRESP, ENTFORMACOBR, ENTOBS, ENTIDENTIF, ENTSENHA, ENTTABAMB, ENTPERCCH, ENTPRAZO, ENTENTRANOCAIXA, ENTESTADO, entPais, ENTFONE, ENTFAX, ENTENDERCOB, ENTBAIRROCOB, ENTCIDADECOB, ENTESTADOCOB, ENTCEPCOB, entDtUltAlteracao, entdtcadastro, entdta_nascmedresp, ENTFAXPROPRIO, ENTLOCALFAX, ENTRESPFAX, ENTTIPO, ENTCONTATO, ENTDIACOBRANCA, ENTFANTASIA, ENTEMITEFATURA, ENTINADIMPLENTE, EntMtvInadimplente, ENTVLRPAGONOBALCAO, entPercVlrPagoBalcao, ENTQUEMALTEROU, entTabPreco, ENTPERCDESC, entDescSobrePcoEspecial, entrepresentante, entretirar, ENTPERCACRESCIMO, entHorasAtrasoLaudo, entPcoInps, entEmiteNota, entDiaVcto1, entDiaVcto2, entDiaVcto3, entDiaVcto4, entDiaVcto5, EntMostraDescItem, entDiasMinimoFaturamento, entFaxAutomatico, entContratoOK, entArea, entAtiva, EntLaudoPorEmail, EntLaudoEmail, EntSenhaPDF, entFaixaPco, entDescontaISSQN, entultsequenciagerada, entmaxsequenciasreserva, entImprComplSorologico, entPercIR, entTipoDocumento, entVlrMeta, entDescontaContrSocial, entDescontaPIS, entDescontaCofins, entRegistroANS, entGravarFatura, entDtLimiteTrocaSenha, entClassificacao, entEntidadePontosCartaoFidelidade, entIssqnSempre, entIrSempre, entPisSempre, entCofinsSempre, entDescricaoNotaFiscal, entContribSocialSempre, entFaturarPara, entPercINSS, entSeqCxEtiqueta, entAdiantaVcto, entNomePlano, entMailFatura, entMailNovaAmostra, entUsaNroGuia, entUltimaGuia, entEmiteEtiquetaCxTemp, entComprvanteImpSenha, entCodigoPrestadorNaOperadora, entQtParcelas, entidCidade, entEmiteGuiaHospital, entFaturamentoNormal, entIdEmpresaGuia, entIdEMS, entImprimeLaudoAuto, entAbreviacaoEMS, entPermiteInclusaoAposFaturamento, entAlterarSenhaColigadas, entGuiaSus, entEmiteGuiaSus, entEmiteDMED, entCnpjDasa, entEnviaSP, entRua, entNumero, entComplemento, entInscrMunicipal, entBloqueioAutomatico, entMailStatusExames, entSolicitaDtaColeta, entSolicitaDataValidadeCartao, entSolicitaAutenticadorGuiaConvenio, entTemPreResultado, EntBloqTransfAOL, entQtExamesTubo, entMedicinaOcupacional, entExamesExclusivos, entGeraLote, entbloqtransfaol2, entWhatsApp, EntTipo2)
VALUES(18534, 'NOTRE DAME INTERMEDICA SAUDE S.A.', 'R BATALHA DO PIRAJA GALPAO 1 FRENTE E GA', 'LAPA DE BAIXO', 'SÃO PAULO', '05065120', 'digitacao.nto@intermedica.com.br', '44.649.812/0233-40', NULL, 'LUIS ANTONIO TEIXEIRA', 'ADRIANA GERMANO', 'e-mail ', NULL, 'LAB18534', 'Lab18541', 0, NULL, NULL, 'N', 'SP', 'BR', '11 31552000', NULL, NULL, NULL, NULL, '', NULL, '2021-12-24 08:23:55', '2017-09-13 12:05:12', NULL, NULL, NULL, NULL, 'L', NULL, 29, NULL, 'S', 'N', NULL, NULL, 0.00, 3118, 0, NULL, 'N', 159, 'I', 0.00, 0, 'N', 'S', 15, 0, 0, 0, 0, NULL, 20, 'N', 'N', 3, 'S', 'N', '', '', '', 'N', 0, 0, 'N', 1.50, 'CNPJ', 0, 'S', 'S', 'S', NULL, 'N', '2022-03-24', NULL, NULL, 'N', 'N', 'N', 'N', NULL, 'N', 18534, 0.00, 0, 'S', NULL, NULL, 'digitacao.nto@intermedica.com.br;triagem.nto@intermedica.com.br;dafne.oliveira@intermedica.com.br;maria.sanches@dasa.com.br;rafael.santos@intermedica.com.br', 'Não', 0, 'Não', 'S', NULL, 0, 9296, 'Não', 'S', 1, 20015753, 'Não', '5000098604', 'S', 'N', 'N', 'Não', 'N', 'N', 'S', 'R BATALHA DO PIRAJA GALPAO 1 FRENTE E GALPOES 2 A 5 1 ANDAR ', '155', NULL, NULL, 'N', NULL, 'N', 'N', 'N', 'N', 'S', 0, 'N', 'N', 'N', 'N', '011 36126382', 'Hospital');


INSERT INTO aol.entidade
(idAgente, idEntidade, Descricao, Cidade, DtUltRecResultado, DataInsercao)
VALUES(182189, 18534, 'NOTRE DAME INTERMEDICA SAUDE S.A.', 'SÃO PAULO', '2018-03-16 15:07:39', '2018-03-16 15:07:39');



INSERT INTO aol.solicitacao
(idSolicitacao, idAgente, idPaciente, idEntidade, idMedico, DataSolicitacao, DataTransferencia, DataGeradoLabor, Medicamentos, Observacoes, idOrdemServico, idSolExterna, DataResultadoBaixado, idOSLis, dataColeta, dataLidoInova, solicitacaoOrigem)
VALUES(235874055, 182189, 270303992, 18534, 1355991, '2021-12-02 09:29:49', '2021-12-02 09:28:41', '2021-12-06 06:25:21', '', '', 247783655, NULL, NULL, '2107834018-1659511', '2021-12-02 09:28:41', '2021-12-06 06:25:21', 'Ws');


INSERT INTO aol.de_para_dasa
(id, idExameDasa, codExameDasa, nomeExameDasa, idExame, idCritica, tempo, codCompostoDasa, gerarPfora, antibiotico)
VALUES(8186, 24344, 'GAMAIPC', 'Gama-Interferon', 'GAMAI', 0, 'Basal', '', 'S', 'N');



INSERT INTO labor.ordem_servico
(ordsid, ORDPCT, orddtentr, ORDQUEMCADASTROU, ORDQUEMCOLHEU, ORDAREA, ORDOBSPCT, ORDVLRTOTAL, ORDVLRDESCONTO, ORDVLRTAX, ORDVLRTROCO, ORDRECEPCAO, ORDQTDEXAMES, orddtprometida, ORDMEDICAMENTO, orddtcoleta, ORDGUIA, ordreal, ORDOUTRO, ORDVLRPAGO, ORDCONVENIO, ORDLOCALCOLETA, OrdDtLancamento, ORDVLRBRUTO, ordLocalEntrega, ordDtAlteracao, ordQuemAlterou, orddtprometida_cliente)
VALUES(247783655, 270303992, '2021-12-06 06:25:22', 3170, NULL, '3', '', 160.00, 0.00, 0.00, 0.00, 7, 1, '2021-12-11 17:00:40', '', '2021-12-02 09:28:41', NULL, 0.00, 0.00, 0.00, NULL, 'AOL', '2021-12-06 06:25:22', 0.00, NULL, NULL, NULL, '2021-12-11 17:00:40');



INSERT INTO labor.exames_solicitados
(solsid, SOLSIDORDEM, solExame, solControleAol, solVlrExame, SOLFORMAEXECUCAO, SolObsResultado, soldttransmissao, soldtimpressao, SOLLIBERADO, SOLQUEMLIBEROU, soldtliberacao, SOLQUEMDIGITOU, soldtdigitacao, SOLSETOR, SOLBOLETOIMPRESSO, SOLMATERIAL, SOLESTANTE, solMarcado, solCodExComposto, solInterfaceado, SolDtGeradoInternet, SolDestGeradoInternet, solBioqLiberou, solDtEntr, solQuemCadastrou, solLimbo, solCriterioLiberacao, solQtdAmostras, solDtRedigitacao, solMotivoRedigitacao, solQuemRedigitou, solDtLidoInternetPct, solMedico, solEntidade, solConvenio, solvalordesconto, SolNroFatura, solDtLidoInternetMed, solTuboUnico, solPoucaAmostra)
VALUES(621282268, 247783655, 'GAMAI', 'N', 160.00, 'N', 'Resultado Negativo:
1- Quando o tubo NIL for: Inferior ou igual a 8,0.  Tubo TB1 menos NIL: Inferior a 0,35. Tubo TB2 menos NIL: Inferior a 0,35 e tubo Mitógeno menos NIL: Superior ou igual a 0,5.
2- Quando o tubo NIL for: Inferior ou igual a 8,0. Tubo TB1 menos NIL: Superior ou igual a 0,35 e inferior a 25% do NIL. Tubo TB2 menos NIL: Superior ou igual a 0,35 e inferior a 25% do NIL e tubo Mitógeno menos NIL: Superior ou igual a 0,5.

Resultado Positivo:
1- Quando o tubo NIL for: Inferior ou igual a 8,0. Tubo TB1 menos NIL: Superior ou igual a 0,35 e superior ou igual a 25% do NIL. Tubo TB2 menos NIL: Qualquer resultado e tubo Mitógeno menos NIL: Qualquer resultado.
2- Quando o tubo NIL for: Inferior ou igual a 8,0. Tubo TB1 menos NIL: Qualquer resultado. Tubo TB2 menos NIL: Superior ou igual a 0,35 e superior ou igual a 25% do NIL e tubo Mitógeno menos NIL: Qualquer resultado.

Resultado Indeterminado:
1- Quando o tubo NIL for: Inferior ou igual a 8,0. Tubo TB1 menos NIL: Inferior a 0,35. Tubo TB2 menos NIL: Inferior a 0,35 e tubo Mitógeno menos NIL: Inferior a 0,5.
2- Quando o tubo NIL for: Inferior ou igual a 8,0. Tubo TB1 menos NIL: Superior ou igual a 0,35 e superior a 25% do NIL. Tubo TB2 menos NIL: Superior ou igual a 0,35 e inferior a 25% do NIL e tubo Mitógeno menos NIL: Inferior a 0,5.
3- Quando o tubo NIL for: Superior a 8,0 com qualquer resultado para os tubos TB1 menos NIL, TB2 menos NIL e tubo Mitógeno menos NIL.
Tubo NIL= Tubo controle negativo. Tubo TB1= peptídeos de ESAT-6 e CFP-10 para indução de resposta imune celular de linfócitos T auxiliares CD4+. Tubo TB= conjunto adicional de peptídeos para indução da resposta imune celular dos linfócitos T auxiliares CD4+ e T citotóxicos CD8+. MITÓGENO= Tubo controle positivo (valores em UI/ml).

Resultado QTF-Plus Positivo provavelmente indica infecção por M. tuberculosis. Entretanto, a interpretação do teste de QTF-Plus, para indicar infecção e excluir ou não a possibilidade de doença ativa por M. tuberculosis, requer avaliação médica considerando o conjunto dos achados epidemiológicos, clínicos e outras avaliações diagnósticas.
QTF-Plus Positivo pode também ser devido à infecção por M. kansasii, M. szulgai ou M. marinum.

Resultado QTF-Plus Negativo não descarta a possibilidade de infecção por M. turbeculosis. Resultados falsos negativos podem ocorrer por: 1) se a aquisição da infecção for recente, antes do desenvolvimento da resposta imunitária celular; ou 2) se presença de comorbidades que afetam as funções do sistema imunológico.

Resultado QTF-Plus Indeterminado não permite determinar a probabilidade de infecção por M. tuberculosis. Possível causa é a presença de níveis excessivos de IFN-gama em circulação ou presença de anticorpos heterofilos.
Resultados indeterminados podem ser repetidos a critério médico para confirmação.
A magnitude do nível medido de IFN-g não pode ser correlacionada com o estádio ou grau de infecção, nível de capacidade de resposta imunitária ou com a probabilidade de progressão da doença ativa.', NULL, NULL, 'S', NULL, NULL, 716, '2021-12-06 14:39:29', 'REF', 'N', 5273, NULL, '', NULL, 'N', NULL, NULL, NULL, '2021-12-06 06:25:22', 3170, 'N', '', 1, NULL, NULL, NULL, NULL, 1355991, 18534, 18534, 0.00, NULL, NULL, 'N', 'N');



INSERT INTO labor.parametro_config
(CodChamada, Descricao, parametro1, Parametro2, Imagem, parametro3)
VALUES('LAUDO_CABECALHO', NULL, 'CABECALHO_ALVARO', '9', NULL, NULL);


INSERT INTO labor.entidades
(entNome, ENTFANTASIA)
VALUES('NOTRE DAME INTERMEDICA SAUDE S.A.', NULL);


INSERT INTO internet.internet_laudo_conf
(idinternet_conf, id_entidade, instituicaoImp, tipoLaudoImpressao, qtd_laudo_pp, logomarca, textoassinatura, assinatura, tipo_laudo, valor_referencia, pesquisa, busca_mostrar, dataUltimaAtualizacao, tipo_papel, infAssinatura, distanciaCabLau, idadedata, remSolicitacao, remInstituicao, sexoLaudo, impResAnt, instituicaoAssinatura, impMatricula, separador, liberadoPor, oslis_listagem, tempo_refresh, qtd_laudo_pp_maximo, distanciaRodLau, liberadoEm, idadeExtenso)
VALUES(3383, 11061, 'nome', 'HTML', 20, 'sim', '', 'sim', 'C', 'sim', 'DE', 'T', '2021-11-23 21:34:37', 'A5', 'nao', '800', 'nenhum', 'nao', 'nao', 'sim', '', '', 'sim', 'sim', '', 'sim', 5, 20, '2000', 'SIM', 'SIM');


INSERT INTO aol.paciente
(idPaciente, idAgente, idPacienteLabor, idAOL, idLocal, Controle)
VALUES(261690661, 182189, 270303992, 0, '3492551', 'N');


INSERT INTO labor.laudo_marca (idmarca,cabecalho,versao_cabecalho,rodape,versao_rodape) VALUES
	 (0,'CABECALHO_TESTE',127,'RODAPE_ALVARO',4),
	 (1,'CABECALHO_ALVARO',9,'RODAPE_ALVARO',4),
	 (2,'CABECALHO_SERGIO_FRANCO',7,'RODAPE_SERGIO_FRANCO',1),
	 (3,'CABECALHO_ATALAIA',8,'RODAPE_ATALAIA',0),
	 (4,'CABECALHO_BEEP',4,'RODAPE_ATALAIA',0),
	 (5,'CABECALHO_TESTE',63,'RODAPE_AMPARO_SAUDE',0),
	 (6,'CABECALHO_MEDICO_ALPHAVIEW',1,'RODAPE_MEDICO_ALPHAVIEW',0),
	 (7,'CABECALHO_ALBA',1,'RODAPE_ALBA',0),
	 (8,'CABECALHO_CONSULTARE',2,'RODAPE_CONSULTARE',0),
	 (9,'CABECALHO_SIM',1,'RODAPE_ALVARO',4);
INSERT INTO labor.laudo_marca (idmarca,cabecalho,versao_cabecalho,rodape,versao_rodape) VALUES
	 (10,'CABECALHO_POLICENTER',5,'RODAPE_POLICENTER',2),
	 (11,'CABECALHO_COVAXX',1,'RODAPE_ALVARO',4),
	 (12,'CABECALHO_LIFECONCIERGE',1,'RODAPE_LIFECONCIERGE',0),
	 (13,'CABECALHO_AMPARO_SAUDE',2,'RODAPE_ALVARO',4),
	 (14,'CABECALHO_FEMME',1,'RODAPE_FEMME',0),
	 (15,'CABECALHO_POLICLINICA_BOTAFOGO',2,'RODAPE_ALVARO',4),
	 (16,'CABECALHO_FLOW',1,'RODAPE_ALVARO',4),
	 (17,'CABECALHO_ECOLOGIA',2,'RODAPE_ALVARO',4),
	 (18,'CABECALHO_IACS',1,'RODAPE_ALVARO',4),
	 (19,'CABECALHO_RIANO',1,'RODAPE_RIANO',0);
INSERT INTO labor.laudo_marca (idmarca,cabecalho,versao_cabecalho,rodape,versao_rodape) VALUES
	 (20,'CABECALHO_CITOMAXX',1,'RODAPE_CITOMAXX',0),
	 (21,'CABECALHO_QUALYMED',1,'RODAPE_QUALYMED',0),
	 (22,'CABECALHO_PIERRO',1,'RODAPE_PIERRO',0),
	 (23,'CABECALHO_CACA',1,'RODAPE_ALVARO',4),
	 (24,'CABECALHO_ONCOHEALTH',1,'RODAPE_ONCOHEALTH',0),
	 (25,'CABECALHO_LABVIDA',1,'RODAPE_ALVARO',4),
	 (26,'CABECALHO_MEDICOS',0,'RODAPE_MEDICOS',0),
	 (27,'CABECALHO_BIODIAGNOSTICO',0,'RODAPE_ALVARO',4),
	 (28,'CABECALHO_VIVAIMUNE',1,'RODAPE_ALVARO',4),
	 (29,'CABECALHO_CITOMEDICA',0,'RODAPE_ALVARO',4);
INSERT INTO labor.laudo_marca (idmarca,cabecalho,versao_cabecalho,rodape,versao_rodape) VALUES
	 (30,'CABECALHO_KAPMED',0,'RODAPE_ALVARO',4),
	 (31,'CABECALHO_INAC',1,'RODAPE_ALVARO',4),
	 (32,'CABECALHO_SAUDEPLAN',0,'RODAPE_ALVARO',4),
	 (33,'CABECALHO_REALHOSP',3,'RODAPE_ALVARO',4),
	 (34,'CABECALHO_RIOMEDICAL',0,'RODAPE_ALVARO',4),
	 (35,'CABECALHO_PASTORE',0,'RODAPE_ALVARO',4),
	 (36,'CABECALHO_NORTECLINICA',0,'RODAPE_ALVARO',4),
	 (37,'CABECALHO_NUTRINDOIDEAIS',0,'RODAPE_ALVARO',4),
	 (38,'CABECALHO_AMORSAUDE',0,'RODAPE_ALVARO_APOIO',0),
	 (39,'CABECALHO_ARIUM',0,'RODAPE_ALVARO_APOIO',0);
INSERT INTO labor.laudo_marca (idmarca,cabecalho,versao_cabecalho,rodape,versao_rodape) VALUES
	 (40,'CABECALHO_CJB',0,'RODAPE_ALVARO_APOIO',0),
	 (41,'CABECALHO_RAPEL',0,'RODAPE_ALVARO_APOIO',0),
	 (42,'CABECALHO_PRODIAGNOSE',0,'RODAPE_ALVARO_APOIO',0),
	 (43,'CABECALHO_HPC',0,'RODAPE_HPC',0),
	 (44,'CABECALHO_LABCLIN',0,'RODAPE_ALVARO_APOIO',0),
	 (45,'CABECALHO_IPD',0,'RODAPE_IPD',0),
	 (46,'CABECALHO_PARANAMED',0,'RODAPE_ALVARO',4),
	 (47,'CABECALHO_PRIMESCULP',0,'RODAPE_ALVARO',4),
	 (48,'CABECALHO_EMBRANCO',0,'RODAPE_EMBRANCO',0),
	 (49,'CABECALHO_VITAE',0,'RODAPE_ALVARO',4);
INSERT INTO labor.laudo_marca (idmarca,cabecalho,versao_cabecalho,rodape,versao_rodape) VALUES
	 (50,'CABECALHO_SEMEC',0,'RODAPE_EMBRANCO',0),
	 (51,'CABECALHO_MEDSCAN',0,'RODAPE_ALVARO',4),
	 (52,'CABECALHO_BIOLAB',0,'RODAPE_ALVARO',4),
	 (53,'CABECALHO_JLM',0,'RODAPE_ALVARO',4),
	 (54,'CABECALHO_AFM',0,'RODAPE_ALVARO',4);